walletAddress,mintAddress
FssGM9Jcu2jq2WMc9p6Ew8y8mzEHsU7DVw3f3AYcfhQZ,3huE5U6wBVBn8xuYrVk8s26ZyxLywy86cqXw6HERsTje
FssGM9Jcu2jq2WMc9p6Ew8y8mzEHsU7DVw3f3AYcfhQZ,DfYeqddt3fiDaoMMNh3fUztBEQRU8E5qNQgurxAZFQe2
FssGM9Jcu2jq2WMc9p6Ew8y8mzEHsU7DVw3f3AYcfhQZ,4v8wYNFivmooyRVHB6p2Uh9NMc7fnewC63hAjbbMYhzF
AmoztPbiAHnRXWLKNWo2uUcjtxi5yXaALBpwzRDxdv7N,JAPBj45shDUuAH2pp3U5rFjAEWVXbSAdmqxm6xchKvpZ
AmoztPbiAHnRXWLKNWo2uUcjtxi5yXaALBpwzRDxdv7N,9buLHXnbJXXP8yHXyZUmZUTqzVfEm8crqBxpF4Fo9wDY
AmoztPbiAHnRXWLKNWo2uUcjtxi5yXaALBpwzRDxdv7N,GY4xwqzcFCy12r21eU4nVk8Qvu97YNAyNhh523dYyu28
9ZbjGVwvADQ8roWVYXywvut9Thmv5GwtZV2oCtiNuLqS,J2V8Fn6qft6HG89bSn3x5vPPuiZKKEcNXUk6NXw171Nf
9ZbjGVwvADQ8roWVYXywvut9Thmv5GwtZV2oCtiNuLqS,53h74XkdsPsQch1iyzgnAweJQfHUUKVwBHZWakpnA4WX
9ZbjGVwvADQ8roWVYXywvut9Thmv5GwtZV2oCtiNuLqS,9ikQYv6PKdDUaqXt4kXUCRXKfMfBZFKyLYUhZJSuzNVT
Cq5DXm9v42ceKwra9L5enGFKtxRujmDz59oCRMzbeM7E,Hjx8iZNuvMCyQECqsExHhWGNtoRyDAZS6PbDmZoJo1LC
Cq5DXm9v42ceKwra9L5enGFKtxRujmDz59oCRMzbeM7E,4EmMfokcaMD1Y3xYLJ2A6XD4sULJBCNYpy16JJf8w2sn
Cq5DXm9v42ceKwra9L5enGFKtxRujmDz59oCRMzbeM7E,97un1o3eXRo6ZKuiyFBqHPsD5beKuTG1i6Vu4m1TKwY4
2utXo3MXeXT2T2w5xfFjHcj57En5QVp7GPc2xMuStcVu,DH113RLYYferMegGeRoHXRAcrmqWpc3ECDWSVARc78Kn
2utXo3MXeXT2T2w5xfFjHcj57En5QVp7GPc2xMuStcVu,6Area3JshL6vqDmfMt8Wq64hNXWvQCci8tHmpmHb7Sy2
2utXo3MXeXT2T2w5xfFjHcj57En5QVp7GPc2xMuStcVu,9maWmhkCunLJdJm6CyjgPFMt24aBvRkFD7M8fEnVcFH9
2xS71Z92hUB9cKWuHyYdGqEjGc1VxLBaRBPx1McZdVXu,AWq11Xx9FNLuDZAdGrEeNPsLsXEnxPhZrmxE4HZ8mXxp
2xS71Z92hUB9cKWuHyYdGqEjGc1VxLBaRBPx1McZdVXu,48MGB2YmxbtU2ggcX9Stksxof6pNwcYMC7bM5kevrksb
2xS71Z92hUB9cKWuHyYdGqEjGc1VxLBaRBPx1McZdVXu,J5PxVS4BiBpfWRfeFwNFSaAzG8ZzqAEk4LmidKQw7HfD
3koLk37wAS18EBcb78Rf9YVR3sW93wEYMkop1bJRzgBw,BwypXsCPoGNrfhfz5ScUuB8eXyWioRpqs6fcGJcgdeJ
3koLk37wAS18EBcb78Rf9YVR3sW93wEYMkop1bJRzgBw,FsR9Gh6iMyqCHxd3KtykaGj69CeoUHSuDjiv1xVG2BSG
3koLk37wAS18EBcb78Rf9YVR3sW93wEYMkop1bJRzgBw,5jqZE2aYe747ZimQTZyS2wacGWMgfNWiFvcGnGxqS35Q
F9kTBuNEVezYtmJQApyJXsgNekyNfpKYiUynY2g7c9Lq,JCsH4428F5wtXapdZYhVkWzY2LTrebjFnjAVsVeSG6Ta
F9kTBuNEVezYtmJQApyJXsgNekyNfpKYiUynY2g7c9Lq,3JcLQ36B6nXFpk48NrcTx8wZTayoYvDxMmgzxEdMsyJf
F9kTBuNEVezYtmJQApyJXsgNekyNfpKYiUynY2g7c9Lq,4ZTfK6JGXCH1z2yQMYJDh9shberrDu7UfLU9b58A5A1q
3qragjibZ8fgNk8DA3AbQaDNuMjrENXLMZfDXMWeDvUp,5K5i2tCYuBAFrTBWt2uzoRxQP46qBJdDNwB7s3fPShi3
3qragjibZ8fgNk8DA3AbQaDNuMjrENXLMZfDXMWeDvUp,9GMuPuGXRxhTwKKt3c9fgzsZ9YNWKHRftT1HuwR4QJkY
3qragjibZ8fgNk8DA3AbQaDNuMjrENXLMZfDXMWeDvUp,Duv2sNn4GTdGdvYsqYdDLyuhC9h9eHsaq5ybz64ia4Zc
ALhnZ9aJ5i7nbavs6GKvWYhvFHZ9447zJddWWcSTkMxp,9sor1uPzRj2G16EgkZPKLgwu4gG4UvFdBJpbPLMAoT9m
ALhnZ9aJ5i7nbavs6GKvWYhvFHZ9447zJddWWcSTkMxp,4HBqQVWeP3QSsnaia3JNMFUJuLZ5RvQmXBKnbC8GAZ4f
ALhnZ9aJ5i7nbavs6GKvWYhvFHZ9447zJddWWcSTkMxp,8LNEZR9cCrSpSvUrHyqKPaotQ89QrNiCVHtc4Yx3YGfT
3KBpcftPr2yFjBkpzGKh1HcWKLQRpcFTYo9xfv8T19Nj,9vym1te8tVTMp2eTjeiiqLQbkAU3Ni7ZDtFHqBCtbpYX
3KBpcftPr2yFjBkpzGKh1HcWKLQRpcFTYo9xfv8T19Nj,2Yaejhwir4RXNayaYvGrTz2YHEcNMHEf3h3Nan3Ya8og
2HegnJrgwEs5zNCkbZHwGeHMUghLu6Dku2iEM94uMRzZ,4wKbze3AAtg1wa7HSrP319Dx6XoJdDtdG3QscRh3np39
2HegnJrgwEs5zNCkbZHwGeHMUghLu6Dku2iEM94uMRzZ,CvAttoeF4uB6nw7NSEdWPVcN342yxBq9Zjgo1XsF48KS
BNfZ4gsiRFY6g6nyKbRNKuABQUvc3EW1uJ4MxH57qbKg,ASxmY8K8kaCCYxBjQvSUdAiheCK3Kc4SQa3cPgbbbrzZ
BNfZ4gsiRFY6g6nyKbRNKuABQUvc3EW1uJ4MxH57qbKg,9zq619k2jrS3MUGFZ9WUqq8PoeV6yTVK85nomxDLkHir
FQbxWyXZrDnxD9dTYYSVRmddzuSa14GxCsiAuRirUpgE,4mP2UxeKaLuPDm9oY5dYKjC5xgz9zViS3wqPgi8e49SE
FQbxWyXZrDnxD9dTYYSVRmddzuSa14GxCsiAuRirUpgE,EPnvmfGWhD29nH8tjCCGQRdRKvj4GQxrzgcakTkShBR3
4fMd2cbWoxxHmPXibVy2jF2irf2EYT7csM6H511wP6Me,2E4D8BR4DzWNGnyughXjA1GL6zyJYEzkzgUGpeLkgrnW
4fMd2cbWoxxHmPXibVy2jF2irf2EYT7csM6H511wP6Me,7aCBXD8uxWTx1zYACHTPM3gsAnf8wzLsLk6iCz6ZffB1
5aAPkEiAUxHRUuB59kh8FNitCqQTzJmSRBRT34PDajfS,GUF2hdYWKeY4hzYihmvjbR5pyNY9Q4eWubV2GN2qjkRJ
5aAPkEiAUxHRUuB59kh8FNitCqQTzJmSRBRT34PDajfS,3uFKjqvY53m6yGnx6FbXQj2T8aJ8is4fUQts2AK4dkfx
93fEEKfEuWKv5qgMGjNueW3ZpKLUipYyZ4zUBFbBrywy,FYT7GUsNtRiBc2ue2Pa4SNvS8TFEq5JGu2LQzE3D1pTY
93fEEKfEuWKv5qgMGjNueW3ZpKLUipYyZ4zUBFbBrywy,HyExm19uVJbc2oDPcX15N8ERNiC1Vp6qZYe8vHyVuzVw
FZXcdzpfzcUMiHC3cVJaCDr2SPf5vFoiXBN3uvz7ud5e,7Ur6u6nG6EXrG3HVeYLcy6o26Ftgt6SJb9xaVgxmfnnV
FZXcdzpfzcUMiHC3cVJaCDr2SPf5vFoiXBN3uvz7ud5e,7wV1mvQACvYgd6hmHvaH6TcFKRpfRWAShyYKzuDmodfh
EGiJCaMqQazuWAM9Xd9BiHMJvgsNmWRd8QzFFhT4pmUF,DXaFU6xN7MDziTKerpFZXL2Pb7o9DjZ2SYWajfZEm1yT
EGiJCaMqQazuWAM9Xd9BiHMJvgsNmWRd8QzFFhT4pmUF,3pjpEkdMLpKuBYtJd66sEgjmwMu1XMDDmboQsM1cWB3U
2BYcTnRET4xvTNMBRP1oDXEggmcbrFtpjDUV3YinfD5m,AxkegBkuBrLqPP8ukzXuUJsjQPtkWukEjzkK4diM4ibw
2BYcTnRET4xvTNMBRP1oDXEggmcbrFtpjDUV3YinfD5m,HdxREDKVxr1ar5XEziMGJW1w4AeauZequjBB1Rcxg1sW
AMqzMqDV5XibHD6ewRik5MGmwzCwpoAMRCq8vyetxRby,9v7wT72S2aHKVb8GVdpGuRh3coNUKR6hR9Y72sbqRzoJ
4jXo9FKmzv16UoHsv8XcgscABrD1VmVV7YrUzo2mXwBh,5n5Mn44RW1L2JRahmpq5YorZc9eHSdTKnUsBUZuvq7Cs
FXiUDdGNMdSDEPcFbjzWUCXUMKT9Ai9hgfuBKeoiQN3g,Axc4XqVRxvnHveb3SqbRZMHAwLYy7YdWvoMrwAxchPC3
E3zN6kwwQiq7PTSV9vMm8MB6tPCiKu3zUKcZ1Ngi9ni1,B8hcA2weHXGU7suQuWQsb3gFPEZJ1v2VHtAHenk6bs6b
C28BQHWyLtLJQYQFKLfoNKPtygk6Q18goR168iZ1b9xv,4rKKVsu6E9k75RmhBpQuma99myot6bc6rtu2gPQsT2sb
67KwKAa7up54Tdh3sKuKK57dBU5cF5qyMG1ZsToXQyFu,82h8CSqKKpLHDCuspBZzPCPkfbYVTauPiJvZdXFA2mhv
52GjEMyzLzDetEzHrFij3AFh36EaHWKLAuV5sqjEtiJX,EkVtma4Wg4i6yxWa8VtkgirGd9KY1AqSxh7452D5DByu
6LC79WWC1q5MfnpSvyfqcFDrKESquEzkiFufdswcKiSP,HvZiYDqCopF1J5xAqUJqyD4Zpy1FVZHPXcdCc7xEevjX
HXovyrg9cZvSMuNW9uPm1sHmLeKtedQcPvrQce3qgHeC,2cVtaKE9EPc9ZKhiLpYUX8TZuCaxLtUwqToqpfpVAKJq
5LfCTYxVQKkjhPeUrYjZhFdVyAguAsVKM4Mq5mJdUfHy,GNhXnQkyBMjGFCHMqU8smYT17PP3qcbAzeo1mwjWYsSh
E7E9WewcokpvBi8unYept7Xi1zHizJXDviPi5vcF5uZP,8sRVQF25Aj8uvRfXmcbC81wneWLLGUZJnV4Gdwn1Cwxn
86Q4v6WD77rcSLkxrTUmGMDEYT5gqWoaoxBnZmV2cCbA,4pDwAUPCSVyjrMbTYrqSDBhYgeGVrFFkbFvqLRr7cGom
9vMd1mMR9ZV3PcgjuT3zNPubUHkt2QXiNmZ2xZhRhc6a,5RPRCWetaKH6mxh6PCBc3skPrxrKuXyYo5iCN49Vxpua
2U6oLVVxRknFT83CS2U48XGFXRyCypK7FNqbngEUBnrh,55nk6dP9dpx9Noo4BMjLCuMrXGWuFfWomEMQ9AsFkX7v
CfUFT2BjTyC5ooYjDFUcAr9TgyXr3BtmDDipCEC1PdTW,CBkdwuvjtzUti5XwzJ3HJpz19vTTHxGEWfR6vLpuaNzT
FKj4Fetvcahoj94ESKPKYPQ5hFTVMEGB3cT88ZMBD9Tm,DhcHaGmVx2PimPKX6nMH4E4byWPfn17UNTRwKozYc6D1
FZLEkUG4fqVYv9tEWNzmTHTdpoXXmSGMi9abwJxSCA15,C27g8TRd2EhEmvaJy8bhvpPgVMWS96pquefJhQsnAe97
AtGuTwYkrZnUPsKvgqAF2nbQ5iEXyzo5M667EzAqhVyA,BtCCwNJLmvCskkFid4J3ptnRn4cZZnh7XydCooShf8gV
hcZrNh2P4VRMTHGEsfPrP1Fg6P4yJUqCxuhrRVqqiEx,CNT3RDKevomaFm1fXkhTRgeN9WrLbZrUXKjL383VnWcv
B6PDwbcVWLx4NgZt8QQARpSPe4LQtYuhmLVJV7phVrEx,5B6iiEiBi8ifkWG1xiaCXNtszkMqkjosm78mLu9EnAxT
7tyven3oZc81b2TS6LXwYkKok933b7nRAFB74dQiWXmo,CRFYRwFZqsMtrqLUwE5areNUiqzYxG3nXQoKoH9bhqqF
5EfTHngPDgv9EordBzixNMNT9hJWAAvbzMoYdi7iNav2,AJCteDiKYfgfG5JKkhCV8HPHnYrE2RoWUymjekyw2deL
FgQuDXxgUJu1yyhJyPSPUS6Kh22uVmCefB5uycLziQzL,FTh8msLX4q8Ft4ptzrmZ1XAEdZiMYtfUfWhWtpwpnK2b
9ZQRDQyzvX1WAn9VLhKXa1AFigpH2tJoEJyHdTzVcVQu,8bgyDZ1PJYUgwzTrFhvRJNkggDG7ew3NUJ4cweGKEqvB
92pgcXNFM3KoHLrqmbSScJfNy2B8R8RKGnpH8DUJvQsq,5pxBSzwKpoyyN2VmeDHh5mqhckDnWmR6k7b1qD9bas1v
C57WkPritXJaSnQwbmw4jws4C6dDBePjVV9dwcY5NWqq,6fbAfxSKb7LFRyPcgenVBwgbzAhNtbXKbaWbiFEXZS72
7NC8Y4cKtNQHx3dXubEUXArR3zwVpPU2pbarGEcFYqoq,3fcHaUHq6Uj6CHuBpBYaJLUyp5uRYNrWXxU8Ao8JYWCv
8mCpEcwBVhZke6MtjrQ8b3nMKd1VZRH4Ldxh4Ydpm1tJ,ubCrsiAq8T7aRxz9jtNFx9ZKGuZsap3evJdnmTQXdBG
5rTRUS8J94T4d4Y5yW9nPvT9oqJJNBrNmbRV7qC3dSci,B8LrZMTvWTRq3r3V55v2xLn5afifuGj2V6LvGW9mRruQ
B47o7agrPKpp28LEbDBBgaZxHx4ra3qr45kmQ3ZsiBQm,3raHjA5ajaWfy6hXkMn1U4gVx8tkz1GVSKvXWkW2VbNM
CLvoorVXyX244AGDLrRU1gXSJEv9E8btyLvRhmSh7KXi,G54KDYqVnosNvZz4KNHHiDGXqrfJQhNf3AL2DvVVbBkn
2oRcws4z6hMxMrLLP8tT2ixejUdfRfrNdg3cppUNbmSq,3HtbgjKAruxFtNcpxufSXHC4FWxqLzZPNqiPgBoZaTVn
9AuQivUAFvyAQ91FTFzk5wkRSYVThTSFWxCfc5L95Xmt,CEgy5bozoXeFBNSPVZqBc59gsV2akJfvfyVczYZAwGuF
FzCU2eXhuixnKohUUrGYC64T27Qz7ZrdCwKE8Czd8B7e,FdHryJKhALxhLNCLThFwpsZAxsDCnzUvDMdkD37zEipC
39KvrNX9tDKyYoRu8DqBLNbStR4ejMU9HU5HtjUjzQsW,EEBmJSygH52mcRmBXfx8B1ecMwQeR3SiR8z6zZefULop
C8FWu8bWB8w2HKYKp4kKjHYif8z9mPTUgDjQdLJzju9S,9F8ovBdqeDUMM6v3oG5Q3usFvat392YRf438aiYGStjQ
DDEUwnU6Ko7LJiYBSN9XKv7GyowXv5DW2GR4A7v96t5a,ASnjkk6qTDrGjPhCgHN6Qt4S4wTPC5dKNjLUSHgfBZbS
9oeCFus3WC5mXtRTaMYY7GSFCf8aNcAyhbHpgm2tKQz7,7B1wHCGSRh7rN8WGK25Gc4hEjR1ZAPZsFHuF4HYtEKYr
H4ySyPFjXshAWvZ2mMUyLGmVVB3NgcZUG7tcNFxNF66v,HPafyCQKk3EowY5Pq3fzCVz9KXczBmZdfykwgmbcvzG6
DfTqPf6v4i7HuZvmRix2aeTGDapspvgBvNwLKP5JhvGE,C1FQr4qhoAeSbQCFYLLbaNdCspXfdZK6agapiJbMWobV
9V1f9fqAxHCBGMotQFq38tDk8PZxMbmgKDoqLeZdqYDK,9ZB16EcAMA8B1PoHBY797tfPzSmoGtLjHsdvUuqnB6o
Cj73sNP45XLpqSPSNQaMmVrsstNYmB4kKuBGpYKS5kBT,4XbC1dm1KWCFdH4vtswvwxo8FMHkyWCH8HnFwGVxLuSX
BuE7uUd9a8o4Tsw8v11nrAnFQgSSXF2WjzeZtZYZ13h1,DEfhTTrQP4GzFWGx1U179dqXnoK4ab6GH3zyyw29JR18
7bWG2TRVuHM8iT7db3xSxhHKgu4sPBKzwzqS7r7mW6n1,EaAJ7Lv5KZiAwQUyHC1c4PgFbmxNbMj1d1yY7yLv4ZE4
9fGMD1yQHNu5TfVsJRo7x9kCBTgqx9o4eRFcPuZfcr1c,B6uHu7igyhVDaqSkVVUuaD6UPBg1qBHGwfYR8VikLcaY
CWGHtx5DTUNCjb5b4jgyu1x4Bi9Jc1Vkm23D9HnzFjcQ,55L9XmKb7sTCZZhBe6nB44vn8dhn8Ah6ZAD2SjYybZea
728oVFv17aWhzjrnyZ6X5kLMdy3Zu2ngUmoVLNHcT4Zf,8SQjy5GCpu5C2s1GMmCyJSj7PUJwhQFKh5H8kDHxiW5D
6YkfVzrzEcJbg6rpHZ8QYvYdM9RSv6iW69GPoHnJxpKv,3QFqBVV7bF27x9r76QToJdFnHNfbAec431ET6u2iqT89
ABbVp7NFR7mwtJ9z3uteJi15gxKePjFtSFsQXA6j2ixP,8cQrsyZCL8fTmZFW54HwWFzjUMVV8A1rH8duC6LSSzp
FjGgqcpCNRcksRzMHRimgHsvCLr5EkCmrkRWTp9CeMAr,EqKxcpBMbqJpkyKgQAHgYBid1fFU1LeXHfjogdnhXjjB
FgXxvngJSZAbdiWokN38xc6koixx6QazJfHJ5fvDwmNH,FBZCnC6dS2nHbDYkZVkqMQVPMQ71Yqsw9EfC4xKGjSKV
7VzRBspssaxkwCXSvnMfT6KM1LRk9CvYShcWAmGYuRg5,F5oydQSSaiRMu57FFJSEM5S4eVjDR8Agac6syE3A4dSZ
6kU22XxT98yXgtUhgVJE8gacxKVUCVLd5r81doeyoae3,DeffqZtP48CSrXAmPLPG3Sjc3J5qwD8easbED55Q6qTf
3thr5ofhZRDpPDd4BYMEi1RXUwkeJPyLTw7Qnq1Z6aZ1,8BTPs4BjtzfenTxznjVJMzP6hST6bSmurdgJ4ZhiUu6Z
5iBUcr1g9RvkMpTDRxfCtHH1fKuaCKn8Bxgo9swhRBGG,4oq1Us4P1XwprwhuCWjCjEj8A7b2Hgp879bqVzE8JavV
8aApPZdTCpzySBFnP6GBsXkk4KDjjtjFL2XsZhnaE2Tp,9tSNqa7MwdT33gzdBJEzceuMMiqWxwNCtffifQaqAAZj
9vuVpV8XjY7WTd9deiX3XKq53eZbtnaE8J3PZHnuSkiw,4PTz3XFT85mLqcKbnSUkijsumBsKWxxSRoD9t9PaYcip
ExHaaJBntmesZrwWsvTXB8CyRehGb7QfMQgXkSQECoxk,CWUfjqC1osDaqL12Bcigx8gD2WWerJ4hpm5ESdN8KPsv
2kMXwrAbo6DMKGzzyToTYTdVYPsqKtn8wq2UJDM5M7nE,CMYgubvyTJSqoMcndJJjtkPgDZ4uFySmrhPYETWyT6LG
9obQiVbynaS55rQRJHVW9uDEwQ8oWFesKzazBb2Lu2gD,FdnAkdWDuVEuGbSptWiqbfvmAUEFKJgzN4AaHzBT2Bzd
8S8kfQrqyAMqJkB9ZcJKbHgHwFBYMhfCu35n3wvF9vZh,8zx4CAKoUt35tTa5TN73Xiq1sGQzS3xn5VgPHd9ieVby
CnnGaFbJ85E3UTfzm2gqQuGzkK3W3o2KkipKFemBEtnT,DHDJh3qU7VwgdNTZxcyms2TTWBxr3cUhQNpr32hjZMdb
EyMuiRSCwR1FSTCSW8BYLsU71knHTq6d24pUqg6bwi4s,6w3ied3pHw8xGFGQQrK2rFtcWAdLc4iSRU4jyjQe3JDN
4JCZUq72QyY5k2rNnaz6VJAYKcR5TpRksQ28gHisxntt,GuBFUWJPiXK1oEncVTeUacJWPuFzNUsWuvNtJv298Uho
4rU9NTDjYsK6VkMLc4SWfbsbLeyjaHRYers27R6wa9GL,Av41GmBDTGsULv4zqhTe2ma87NmJ6xxfj1funcCE6GA6
2xj4uMssAWAxN6ibx8bUMQhWRSTwLSgEjB2QymdJCqLX,DaCri2c5cWpGudHqUnMzddBpZepVaLEbpEbbvFxz8bpP
FzuEfP8GHEVRcTdAFvu5Psxex77ESmvLHwZZZbTTDVb9,EjdSoMHRzKNp4wWmnyhPmzg1w47uUgFXA5gDjX5HpTom
3D9VAFYou1uWdFxSFBj3KzPTBXpXVNTttX1BZJ2UQP4a,7oce1SNcsLfkaMC16RSZdkX6zU4yydibdq66XCRpkM7Y
9hQ4DrKRv15VimW76ve5ZFb6AA3Q6bJjn8SZGfZC93xx,3FZ8RJCT1vFMaBQYiarxq7cqU1zVVXNP77rj44NVohLM
6iXh5CdA6EGvRLKn1UFe6GRvUjFYxXTQZpbgvM8F3H96,FzpNzQNQkC5G5qP9X69PMaQPPrDmme83h6gMDAoG9Jso
3RuWNCp2U8NkdHH5tP3P5V9Y8EZN8rMEZQHuQ71F2G1T,GjBSyJrZWHugYx3N5u3gmX12JzWLSdGgj96phKsByRaN
J7de8GXfrvkKDwdsp9ZC8zPAedFQLLwrd6PedjuWb8is,HwRgyWYPQg6TyQ5b3jNCcDNw1LpBTZwHyTqMMj4VAWpn
4QUZBp5RvB8jzyXmeRvUqfgrvikf3R43VkRYssyxPBLh,HsmLWmGJyKTbtxYG2FXA74oW5EGXK9j4YwZFNtvzuBNy
13EX6iEHfyCKFgYacaBkKNs56JJ4dFJXfgyKBv1f1wMk,Bahyrm1XVtLC7iojfCUgkxkHo3tYrP6DhvUKD2U4pEYu
6VphTGR3svs2WensjYHEyBrZEj8Au7xVsA4RWeJQ9kwp,GmeKny4SYzgpWicuPCcHpiBRo9GjxvysvAxhGJyTVTSS
BdgPMPbN5DVpRni9WR962dxxxDB88NqjAfZg1uJhCa3X,DJF6qXvqsYFYdewAGVLrxPjZMVADn5vJCWbPW2579ygG
8qFABfwHQQJAg4b5W62LekVCTvR2GXgVxMLnPomfUeKu,BTC88CHwkXcqFyW7XDSRDrYcpPvSNkAMHkBQLNeN19sw
9VWAi29Sed85gERDQWYCovM7UMN7d2pL2wsj8oFD6sRe,8M2fGVurqHCjHeAhf5pc88S4EDYzgWLTKxoVrKGoKHN7
B7VYvbo8qFEfisDD2izdssXoKowWi8pc87wu2vcgQ2cM,CN1MT1BixEcPsqbeQ7BTxPXBmy4FWiXX8qBDQitCo24U
8zpK86dHcDsu19KGt12CoprL6ECgCLQ1RNRxRixYHhEo,DjpieHDEWBfHb8fbC1Hhwf6RpT1ZWGrkCPdrDEdy27Lj
CEZT7vgDPfCriksFrkvfmawRjVTg8wrFYY7xnjz98qpT,38kSm8xxMeTfrzLGFyGQXb8dR8qZfrsmX7EEvdpgVQmP
EUaHhHnAu1pJ7wLsyHYBiNKBHHsECmoSzmHh68wTKx1D,EkDmjcLXXNy28GL3YTX3Taj4TPCCsMuP8aghepS7boYT
7irD8xgJW4sZhwtTi2aFaCmrGabLitJSmRmAVzGHzQmA,8LHR91hsgZe9um15Di4G6XpLPQLjq8znPfyvkC8zYHcw
5hLoNW1SgmqTgLCw1xYyF5BhF7VxPSsVemqviitN9ZvX,Cvg74ZuV6mUJTDB5oQnpw9RzopCtNvehX8HfQXmgnM6n
61w6KSfvBpEdYgyiqRVoNU9e5kDcXMzaLUr5HASeJjhp,4BHoA6Eve1wADRzr9sFQv8ogW6jr9hyUjH4sbMR6wT2V
GaHmQvmHyPFey1p4tgiDgaz8fvAkxEQ6b7cRwMn5kbJQ,7bYkLExTzW3e7VCo1xb2a1SE7fb9a1yNBSThCMfrQ2UG
Lf2dWfN34anbHXL99S7kgEQkmTyewnsdrNMM6q7mtGw,CEJScmzLpivfFTxh2oMh8169xkPXdYC8NtqqhULyen83
6f6E1hTYrt1GQmQdoZRc6Q3hetazpR9NdA5pcn8miizE,CnDQ975D6JpdTvz8Dsnp3QK9F4kvjfNrr5hfxBo1KxEB
88GW6eSHhkyYr6n4YemzFYs8T1swNBMSVpxn3GrLEXKv,GuyoWK4T8RDXxJ1TeatREhqQYAC69KwyWiuWJ4jrMoVz
9mNR6Wz3YpS5nCTRSuX8nCTavmfndEdnYkthc3mg8qDs,BQmgovTbm4AYTBen4Tj2fdLhBxCtVn3oChWq7D638hRS
GjFveoPYPj2KZwDHRckx9Mb3LzGgwjYVWP8wcJ4HMP5K,8FVced8sBE1rzXe8oc421Los5WjVz8FkCmeZEkDor2VD
6XHbA1R2HvB9sn7rAUNcDJZEChaDiaqfjafinVkcP6qB,78CoibqNQj55LNLfcHwDnZSkgcbgw7uppxoK9KrDHFXZ
CEw46U5swbDHnr5KspqGJcc1FR5DEDn6o3vDnkRa7Fwa,GVP9b1hkFPt8q8bpaCd2eVRJnk3RThyptj5H8SU31gfp
CBwKMSZPu7fFXZApUHSuhPJSk959njB9ndPLSdUijKYo,J5LEWDPhfRnxDYEuir7FnKPFfmECNKkkLPXxAv5aE1YD
6eQNjqFysvyQbahN7P1n62G4qJDdGUn3sbJyNtpZSzcc,7jeHgD1AYfxARGFchQWrJBbmBJdaib6QGbB86Si2TCTE
ANXaWmVgFPKa1ngqx1KnUhKi6Xi81B9KXvmp8cKqtqcp,GPJ5wdCchLd6GEzHCa6BbJHzxebn3zxNczoe331CujGb
AL8AAEKXuqxDzqLu91W4sQPMR13KNTfVBXcVq86uhGjs,4dTrtar4QszG8UWE6hdrvLF2g9L8464JVTFJZWGL5nfj
FVrfzVXNUbUAYYA3QGKZaqQwbmmNy7EouKs85do765fY,4anx9otQyQY5Mp5Nf3kyjCasFxa2cTjrfwrsJAD1BseT
6G5t8vdwGjVhhrLU37pgamMaTZfgcWUiKfmb9HHDtoVa,7NwwSzgws2dqFXK88otJb3hkHVvNswi5kkBRbYCxa35X
Day71ejTWxGygVZjKxe42tUMGc8WTqXwQLPB3Fwsx5GR,8MNZgFgU1b5vhMd2oTxTB58y56mtfBodvjfEWQ72Mx7a
HDu9DUEm4B2H3JFTtogn2ovpv8Fc9QbrxFtfXn96MGCD,GA8dDZihtU9ASv26CxStVoKodEQnMuzhPJNBbMZNzJLs
7S5sbBx3kTTgaYyN3jaZVwmhAwSeYaeLTtABLR6UBWU1,G93XpouWzeePUDovYnhwc57wy6vs37houyjizonouw6
A4ALCDetWkWCzVy9hLGVTykf9gHRBPskNruTorw8MsFy,4eAPSoTJKZFVSDZiLdZ4Tzi79xGgCn9PpitMR8Sykibx
3ag1pgAQEW97FwxYK9E79o9G1QC47yt3wf14HntHFHo6,6bER8gr52HWXLQQ5wweM2BrPyspTa7vHV3Z3LUGbRHKG
8DECpkLEeEmbrTVK4ysGmuqujrZd7Pb1jTwBBM6jcknv,3m1GWNW3KUuuMPmL6zZimU7xEn6yvQvLUc4hq5vfDXkT
9YN8Q1siXKLzDMSGKrA5Ppr3Xjr9ungonxovjkEPDdqD,7W3Dsrix2VSDBngbY9x6gRtD3c6DejU4aaywLAjmwTFD
5KPSVwDfUV4GUfCqPQHg4FjRnJqSTCLtyapPTSJNuGS4,54sKDHhimkEexWLEbAjH6nGLmvxcpk6kP75DdZwa5sEG
8gLMsfczqWXjCxH6LMuKJTQ2fKaT2naACpLarMxxd7eP,CHSceJKMbSnLZ1q7RY3b8a7jhASNyULFBwYfQjCBQ6o6
FGDHQFJwTMmPdzqzxqD4ZQwgP5SPLGKtfpD9oWou6sMq,4wzeKmcMS4a5L2ztzmUKwLBMiR3JiKC4fUaLFDCnzwbw
5YQ12Cm7VmD8heHNh7JXKsD38Go7VrhuBirdG2hxXLt4,G1B7jmCb1Cu4puBqLRCD8YZriJtAwWTAZj5xWetiQLJD
7RDhHrbQF6st2fjodzmHZevy3cb2G92WcoNX53syBCiR,AqHyC5HLqAdA1VYxbykYuTDYKD9CciEn1rbSRZf64Qqs
CS5Ewd6pm9xFDyDX4oByQ5jneiXqiUJjLdSKAJyrr8YF,BWaiHwkMA2EC9R3TCgtuPCXHcvqz9XU8akP7ALsnpmiu
DHePLicWMMMVha1Z3YNUu6KKtuqNapMpGfaCFifNV2tU,3KLQQt3YGwTFbFUHX1cGAEj6HDD3SvZbsJWwekMJW9iV
2dVmNWrnp7QUKUaex9qqXBpVL7iMa9g1fnF6W4jHEMEQ,HAboedqeZjN4jRbSJA78NnXw2gDPhjvvuf1apUd8gFSX
7auaB3YpoBQCY7Phau9sxvzmfKLcrdR2s8bwY7dcqrDn,6ioednNJ4NjpgQGwiUrtXq6Ud2Qi8u95XAJh1er2kdSJ
9nL4wPd5SzvtnDQ8wq8zodMrTGK8txPeRQ9MW9UVvBcH,2vpsjrqnyDD2jpff6dTBwiCcYFDTwjMjcjiTm9Ac6YW7
EqoBAJTuFxzV8xXp81Gwi1fAaom32i9BxtpCtq5EAJLo,GrGnmqagUyEvjhEJZRWWk1yqQLH6Ayh71z3e3bGFt9En
8ryawRYsGcBn4VduJFvDUbb3CV4tUZ1cjk515hJcFTJV,AJ4giW21Jm2mzwV13DscZ6V2MTpXh3YNPVzUdDMyF8eC
FKeDej5eBq4EcSH19QF3493DUaJRPDNrZ9LLobKc6knx,Beby1cR3JaBSvpRWWcmGzdUwt9yrKbfnhWcRgM4X54LV
9t3jSCXFGB3Xmf3qffd6k5CBZczaQqTP5zqbLq9JDTEs,BXsnKHiYNkGm2ULxR8djpyGAbHCrex9Ra6scRm4TrmYQ
GefkwpoQmJV2jB6SmbsS9vH53u4YbwZM1FhhREoP7nMV,BGgHYyNHWLepanPZiyCQemF1a2AZ91phuEgRcN8arxER
9DBuiJFmKnajsLZq2ATZR6VBiGPgVyamEYdU62r8YYGS,4btYkksyGVvh4UbRVnLbF932vCdypVJ1RGviiQ8GaaeF
937fkvdfBZCjcZ9y5EhSkECNyWLkFExQ1xgWQzy7q4UF,GH87Un1TL7dLbKHjsTsRZi6aYhAMRqguPpawzqqC89x7
5eEfN6YHHwXN5ia9RGph5SDPep5xihGB5Y6tPQVnSEXX,FBoTyf4wjyH6AidZhakqJqRJiDpBQRAfupYbmMK7wLwc
D6FMG1nxZAZcPgVjfKcxKzSoTuWUrm3gwABmgn9cdyX4,838PbNmmBTjVrYkFbvPnPwuxMDgX9QgJAvcFuycEfCnX
8b1Hcv1wRYDY4qUCoR3AgcLfE59qshZQ3eeiCAVkNuCy,WhNdf28pbhxgzBhh1yWvM7R4VMbTjusJmDt7DJwQrQx
ZojB5FizdoDWJvg2JBtDymLP1efvTxTC1HYyYUtceay,7QzaqT5UnH2XUc3bmbv7y1eihtPmGAGoRHCWUGYE8wJh
6Hnvr4o7L74VbWxagtC4AuMmpNjFpfM1wCazm4WM9zER,8AvRV3d1Bh2FHFRQsjLgMTb9Mg3UFxwwu97DdFRrnQ4r
9pTkzT4UqJWTui4m4VgbCCZ2K6f8FaSp94Luz85kWu87,D6rwckXs6XTCNtyQFvdpSybAv4Si8oQYPghYjobe2bfS
DZfEKewcW9hVzst5sexoqj2thm5UwPiLtJZ8iKy8oUxo,6awGFd3qKFYLvQtihKqzT9FbBVjLhcGMN3Y4uPo21N1B
